table_label,row,column,tex_value,saved_value,passed
tab:reynolds-nodal-refinement,1,1,2,2.0,True
tab:reynolds-nodal-refinement,1,2,65,65.0,True
tab:reynolds-nodal-refinement,1,3,3,3.0,True
tab:reynolds-nodal-refinement,1,4,0.03999,0.0399892294172032,True
tab:reynolds-nodal-refinement,1,5,0.231,0.230769230769231,True
tab:reynolds-nodal-refinement,1,6,$-3.5\cdot 10^{-33}$,-3.46667389989702e-33,True
tab:reynolds-nodal-refinement,2,1,3,3.0,True
tab:reynolds-nodal-refinement,2,2,225,225.0,True
tab:reynolds-nodal-refinement,2,3,4,4.0,True
tab:reynolds-nodal-refinement,2,4,0.04079,0.0407944712949907,True
tab:reynolds-nodal-refinement,2,5,0.311,0.311111111111111,True
tab:reynolds-nodal-refinement,2,6,$-1.7\cdot 10^{-35}$,-1.70493585314289e-35,True
tab:reynolds-nodal-refinement,3,1,4,4.0,True
tab:reynolds-nodal-refinement,3,2,833,833.0,True
tab:reynolds-nodal-refinement,3,3,8,8.0,True
tab:reynolds-nodal-refinement,3,4,0.04181,0.0418111206339182,True
tab:reynolds-nodal-refinement,3,5,0.353,0.352941176470588,True
tab:reynolds-nodal-refinement,3,6,$-9.2\cdot 10^{-36}$,-9.24865626963698e-36,True
tab:reynolds-nodal-refinement,4,1,5,5.0,True
tab:reynolds-nodal-refinement,4,2,3201,3201.0,True
tab:reynolds-nodal-refinement,4,3,13,13.0,True
tab:reynolds-nodal-refinement,4,4,0.04193,0.0419264645118248,True
tab:reynolds-nodal-refinement,4,5,0.383,0.382692908466104,True
tab:reynolds-nodal-refinement,4,6,$-5.4\cdot 10^{-34}$,-5.394144659635e-34,True
tab:reynolds-nodal-refinement,5,1,6,6.0,True
tab:reynolds-nodal-refinement,5,2,12545,12545.0,True
tab:reynolds-nodal-refinement,5,3,22,22.0,True
tab:reynolds-nodal-refinement,5,4,0.04194,0.0419439024847014,True
tab:reynolds-nodal-refinement,5,5,0.398,0.398007174172977,True
tab:reynolds-nodal-refinement,5,6,$-2.1\cdot 10^{-33}$,-2.05231909698765e-33,True
tab:reynolds-convergence,1,1,16,16.0,True
tab:reynolds-convergence,1,2,512,512.0,True
tab:reynolds-convergence,1,3,\(2.334\cdot10^{-3}\),0.00233410184375194,True
tab:reynolds-convergence,1,4,---,nan,True
tab:reynolds-convergence,1,5,\(3.970\cdot10^{-2}\),0.039695701851698,True
tab:reynolds-convergence,1,6,---,nan,True
tab:reynolds-convergence,1,7,5,5.0,True
tab:reynolds-convergence,2,1,32,32.0,True
tab:reynolds-convergence,2,2,2048,2048.0,True
tab:reynolds-convergence,2,3,\(5.510\cdot10^{-4}\),0.000550967623405719,True
tab:reynolds-convergence,2,4,2.08,2.08282806236933,True
tab:reynolds-convergence,2,5,\(2.012\cdot10^{-2}\),0.0201153078448784,True
tab:reynolds-convergence,2,6,0.98,0.980688987371197,True
tab:reynolds-convergence,2,7,7,7.0,True
tab:reynolds-convergence,3,1,64,64.0,True
tab:reynolds-convergence,3,2,8192,8192.0,True
tab:reynolds-convergence,3,3,\(1.458\cdot10^{-4}\),0.000145820777596222,True
tab:reynolds-convergence,3,4,1.92,1.91777124407173,True
tab:reynolds-convergence,3,5,\(1.020\cdot10^{-2}\),0.0102025146759257,True
tab:reynolds-convergence,3,6,0.98,0.979369031293314,True
tab:reynolds-convergence,3,7,10,10.0,True
tab:reynolds-convergence,4,1,128,128.0,True
tab:reynolds-convergence,4,2,32768,32768.0,True
tab:reynolds-convergence,4,3,\(3.510\cdot10^{-5}\),3.50965577006888e-05,True
tab:reynolds-convergence,4,4,2.05,2.05479485804494,True
tab:reynolds-convergence,4,5,\(5.124\cdot10^{-3}\),0.00512379095619963,True
tab:reynolds-convergence,4,6,0.99,0.993641263889188,True
tab:reynolds-convergence,4,7,17,17.0,True
tab:reynolds-method-comparison,1,1,3,3.0,True
tab:reynolds-method-comparison,1,2,384,384.0,True
tab:reynolds-method-comparison,1,3,4,4.0,True
tab:reynolds-method-comparison,1,4,0.0407945,0.0407944712949907,True
tab:reynolds-method-comparison,1,5,14,14.0,True
tab:reynolds-method-comparison,1,6,0.0419143,0.0419142937222035,True
tab:reynolds-method-comparison,1,7,$-1.3\cdot10^{-5}$,-1.284990662772e-05,True
tab:reynolds-method-comparison,1,8,$6.1\cdot 10^{-4}$,0.000606836358934305,True
tab:reynolds-method-comparison,2,1,4,4.0,True
tab:reynolds-method-comparison,2,2,1536,1536.0,True
tab:reynolds-method-comparison,2,3,8,8.0,True
tab:reynolds-method-comparison,2,4,0.0418111,0.0418111206339182,True
tab:reynolds-method-comparison,2,5,24,24.0,True
tab:reynolds-method-comparison,2,6,0.0419537,0.0419537431383555,True
tab:reynolds-method-comparison,2,7,$-1.8\cdot10^{-6}$,-1.8249247487424e-06,True
tab:reynolds-method-comparison,2,8,$2.2\cdot 10^{-4}$,0.000215760741333668,True
tab:reynolds-method-comparison,3,1,5,5.0,True
tab:reynolds-method-comparison,3,2,6144,6144.0,True
tab:reynolds-method-comparison,3,3,13,13.0,True
tab:reynolds-method-comparison,3,4,0.0419265,0.0419264645118248,True
tab:reynolds-method-comparison,3,5,44,44.0,True
tab:reynolds-method-comparison,3,6,0.0419507,0.0419507029341653,True
tab:reynolds-method-comparison,3,7,$-7.9\cdot10^{-7}$,-7.85664882104511e-07,True
tab:reynolds-method-comparison,3,8,$3.9\cdot 10^{-5}$,3.92216189757246e-05,True
tab:stokes-channel-refinement,1,1,2,2.0,True
tab:stokes-channel-refinement,1,2,96,96.0,True
tab:stokes-channel-refinement,1,3,416,416.0,True
tab:stokes-channel-refinement,1,4,3,3.0,True
tab:stokes-channel-refinement,1,5,5.7271,5.72708677138569,True
tab:stokes-channel-refinement,1,6,0.0104,0.0104166666666667,True
tab:stokes-channel-refinement,1,7,$1.3\cdot10^{-15}$,1.27166871952371e-15,True
tab:stokes-channel-refinement,2,1,3,3.0,True
tab:stokes-channel-refinement,2,2,384,384.0,True
tab:stokes-channel-refinement,2,3,1600,1600.0,True
tab:stokes-channel-refinement,2,4,2,2.0,True
tab:stokes-channel-refinement,2,5,5.7739,5.77392315140613,True
tab:stokes-channel-refinement,2,6,0.0208,0.0208333333333333,True
tab:stokes-channel-refinement,2,7,$2.6\cdot10^{-15}$,2.60554230427046e-15,True
tab:stokes-channel-refinement,3,1,4,4.0,True
tab:stokes-channel-refinement,3,2,1536,1536.0,True
tab:stokes-channel-refinement,3,3,6272,6272.0,True
tab:stokes-channel-refinement,3,4,4,4.0,True
tab:stokes-channel-refinement,3,5,5.8228,5.82275034705794,True
tab:stokes-channel-refinement,3,6,0.0189,0.0188802083333333,True
tab:stokes-channel-refinement,3,7,$8.3\cdot10^{-15}$,8.32843023922769e-15,True
tab:stokes-channel-refinement,4,1,5,5.0,True
tab:stokes-channel-refinement,4,2,6144,6144.0,True
tab:stokes-channel-refinement,4,3,24832,24832.0,True
tab:stokes-channel-refinement,4,4,3,3.0,True
tab:stokes-channel-refinement,4,5,5.8525,5.85246269164968,True
tab:stokes-channel-refinement,4,6,0.0187,0.0187174479166667,True
tab:stokes-channel-refinement,4,7,$2.1\cdot10^{-14}$,2.11651720926639e-14,True
tab:stokes-three-dimensional,1,2,486,486.0,True
tab:stokes-three-dimensional,1,3,3780,3780.0,True
tab:stokes-three-dimensional,1,4,2,2.0,True
tab:stokes-three-dimensional,1,5,6.5538,6.55375263219374,True
tab:stokes-three-dimensional,1,6,0.0123,0.0123456790123457,True
tab:stokes-three-dimensional,1,7,$6.5\cdot10^{-3}$,0.00653249484265354,True
tab:stokes-three-dimensional,2,2,3888,3888.0,True
tab:stokes-three-dimensional,2,3,28728,28728.0,True
tab:stokes-three-dimensional,2,4,3,3.0,True
tab:stokes-three-dimensional,2,5,6.0014,6.00140802996442,True
tab:stokes-three-dimensional,2,6,0.0183,0.018261316872428,True
tab:stokes-three-dimensional,2,7,$2.9\cdot10^{-3}$,0.00292782429366151,True
tab:stokes-three-dimensional,3,2,13122,13122.0,True
tab:stokes-three-dimensional,3,3,95256,95256.0,True
tab:stokes-three-dimensional,3,4,3,3.0,True
tab:stokes-three-dimensional,3,5,5.9806,5.98062612259845,True
tab:stokes-three-dimensional,3,6,0.0171,0.0171467764060357,True
tab:stokes-three-dimensional,3,7,$1.9\cdot10^{-3}$,0.00188024276560057,True
tab:stokes-three-dimensional,4,2,31104,31104.0,True
tab:stokes-three-dimensional,4,3,223776,223776.0,True
tab:stokes-three-dimensional,4,4,3,3.0,True
tab:stokes-three-dimensional,4,5,5.9304,5.93044094847686,True
tab:stokes-three-dimensional,4,6,0.0186,0.0185828189300412,True
tab:stokes-three-dimensional,4,7,$1.4\cdot10^{-3}$,0.00138347577357707,True
tab:constitutive-law-comparison,1,1,0.0625,0.0625,True
tab:constitutive-law-comparison,1,2,3.3738,3.37375440095212,True
tab:constitutive-law-comparison,1,3,3.3566,3.3566358894206,True
tab:constitutive-law-comparison,1,4,0.51\%,0.507402421666623,True
tab:constitutive-law-comparison,1,5,1.935,1.935,True
tab:constitutive-law-comparison,1,6,2.106,2.106,True
tab:constitutive-law-comparison,1,7,1.09,1.08837209302326,True
tab:constitutive-law-comparison,2,1,0.25,0.25,True
tab:constitutive-law-comparison,2,2,5.4539,5.45389979128921,True
tab:constitutive-law-comparison,2,3,5.4336,5.43360852612081,True
tab:constitutive-law-comparison,2,4,0.37\%,0.372050568307317,True
tab:constitutive-law-comparison,2,5,2.706,2.706,True
tab:constitutive-law-comparison,2,6,2.847,2.847,True
tab:constitutive-law-comparison,2,7,1.05,1.05210643015521,True
tab:constitutive-law-comparison,3,1,0.5,0.5,True
tab:constitutive-law-comparison,3,2,3.7559,3.75594542139772,True
tab:constitutive-law-comparison,3,3,3.7348,3.73476869105816,True
tab:constitutive-law-comparison,3,4,0.56\%,0.563818904793571,True
tab:constitutive-law-comparison,3,5,1.632,1.632,True
tab:constitutive-law-comparison,3,6,2.073,2.073,True
tab:constitutive-law-comparison,3,7,1.27,1.27022058823529,True
tab:constitutive-law-comparison,4,1,1.0,1.0,True
tab:constitutive-law-comparison,4,2,2.1466,2.14659000007924,True
tab:constitutive-law-comparison,4,3,2.1253,2.12532539164472,True
tab:constitutive-law-comparison,4,4,0.99\%,0.990622728780663,True
tab:constitutive-law-comparison,4,5,0.498,0.498,True
tab:constitutive-law-comparison,4,6,1.113,1.113,True
tab:constitutive-law-comparison,4,7,2.23,2.23493975903614,True
tab:discretization-comparison,1,3,8464,8464.0,True
tab:discretization-comparison,1,4,8,8.0,True
tab:discretization-comparison,1,5,2.1537,2.15365085661694,True
tab:discretization-comparison,1,6,0.75,0.75,True
tab:discretization-comparison,1,7,$0$,-0.0,True
tab:discretization-comparison,1,8,$6.0\cdot10^{-15}$,6.04546066810541e-15,True
tab:discretization-comparison,2,3,8464,8464.0,True
tab:discretization-comparison,2,4,9,9.0,True
tab:discretization-comparison,2,5,1.9870,1.98695237809713,True
tab:discretization-comparison,2,6,5.94,5.937,True
tab:discretization-comparison,2,7,$0$,-0.0,True
tab:discretization-comparison,2,8,$3.4\cdot10^{-15}$,3.37201930881188e-15,True
tab:discretization-comparison,3,3,9899,9899.0,True
tab:discretization-comparison,3,4,12,12.0,True
tab:discretization-comparison,3,5,2.1556,2.15557920545963,True
tab:discretization-comparison,3,6,0.45,0.447,True
tab:discretization-comparison,3,7,$-5.3\cdot10^{-4}$,-0.000525638703745643,True
tab:discretization-comparison,3,8,---,nan,True
tab:discretization-comparison,4,3,33312,33312.0,True
tab:discretization-comparison,4,4,9,9.0,True
tab:discretization-comparison,4,5,2.1473,2.14730040729985,True
tab:discretization-comparison,4,6,0.84,0.843,True
tab:discretization-comparison,4,7,$0$,-0.0,True
tab:discretization-comparison,4,8,$1.0\cdot10^{-14}$,1.0198221356353e-14,True
tab:discretization-comparison,5,3,33312,33312.0,True
tab:discretization-comparison,5,4,9,9.0,True
tab:discretization-comparison,5,5,2.0934,2.09338475688002,True
tab:discretization-comparison,5,6,5.94,5.937,True
tab:discretization-comparison,5,7,$-5.9\cdot10^{-15}$,-5.88459661577667e-15,True
tab:discretization-comparison,5,8,$1.7\cdot10^{-14}$,1.69509991185534e-14,True
tab:discretization-comparison,6,3,38227,38227.0,True
tab:discretization-comparison,6,4,13,13.0,True
tab:discretization-comparison,6,5,2.1466,2.14659000007924,True
tab:discretization-comparison,6,6,0.50,0.498,True
tab:discretization-comparison,6,7,$-2.8\cdot10^{-4}$,-0.000280480472476232,True
tab:discretization-comparison,6,8,---,nan,True
tab:discretization-comparison,7,3,132160,132160.0,True
tab:discretization-comparison,7,4,10,10.0,True
tab:discretization-comparison,7,5,2.1451,2.14511748080396,True
tab:discretization-comparison,7,6,0.80,0.798,True
tab:discretization-comparison,7,7,$0$,-0.0,True
tab:discretization-comparison,7,8,$3.0\cdot10^{-14}$,2.95070511383087e-14,True
tab:discretization-comparison,8,3,132160,132160.0,True
tab:discretization-comparison,8,4,9,9.0,True
tab:discretization-comparison,8,5,2.1239,2.12388641081308,True
tab:discretization-comparison,8,6,5.89,5.889,True
tab:discretization-comparison,8,7,$-1.5\cdot10^{-14}$,-1.46164983119313e-14,True
tab:discretization-comparison,8,8,$3.3\cdot10^{-14}$,3.34686976820875e-14,True
tab:discretization-comparison,9,3,150179,150179.0,True
tab:discretization-comparison,9,4,15,15.0,True
tab:discretization-comparison,9,5,2.1452,2.14522397040726,True
tab:discretization-comparison,9,6,0.69,0.69,True
tab:discretization-comparison,9,7,$-1.8\cdot10^{-4}$,-0.000182184265687918,True
tab:discretization-comparison,9,8,---,nan,True
tab:reynolds-stokes-comparison,1,1,0.5,0.5,True
tab:reynolds-stokes-comparison,1,2,8,8.0,True
tab:reynolds-stokes-comparison,1,3,0.0625,0.0625,True
tab:reynolds-stokes-comparison,1,4,3.3653,3.36533279281604,True
tab:reynolds-stokes-comparison,1,5,3.3631,3.36313463539063,True
tab:reynolds-stokes-comparison,1,6,0.63\%,0.633727933767539,True
tab:reynolds-stokes-comparison,1,7,$-6.094$,-6.093875,True
tab:reynolds-stokes-comparison,1,8,$-5.813$,-5.812625,True
tab:reynolds-stokes-comparison,2,1,1.0,1.0,True
tab:reynolds-stokes-comparison,2,2,4,4.0,True
tab:reynolds-stokes-comparison,2,3,0.25,0.25,True
tab:reynolds-stokes-comparison,2,4,5.4940,5.49395397626472,True
tab:reynolds-stokes-comparison,2,5,5.4465,5.44646918313774,True
tab:reynolds-stokes-comparison,2,6,1.34\%,1.33734530307056,True
tab:reynolds-stokes-comparison,2,7,$-5.250$,-5.250125,True
tab:reynolds-stokes-comparison,2,8,$-5.063$,-5.062625,True
tab:reynolds-stokes-comparison,3,1,1.0,1.0,True
tab:reynolds-stokes-comparison,3,2,2,2.0,True
tab:reynolds-stokes-comparison,3,3,0.5,0.5,True
tab:reynolds-stokes-comparison,3,4,3.8098,3.80978179680641,True
tab:reynolds-stokes-comparison,3,5,3.7366,3.7366013306697,True
tab:reynolds-stokes-comparison,3,6,2.48\%,2.48477907347848,True
tab:reynolds-stokes-comparison,3,7,$-3.188$,-3.187625,True
tab:reynolds-stokes-comparison,3,8,$-3.094$,-3.093875,True
tab:reynolds-stokes-comparison,4,1,1.0,1.0,True
tab:reynolds-stokes-comparison,4,2,1,1.0,True
tab:reynolds-stokes-comparison,4,3,1.0,1.0,True
tab:reynolds-stokes-comparison,4,4,2.2158,2.21576761185835,True
tab:reynolds-stokes-comparison,4,5,2.1289,2.1288799493627,True
tab:reynolds-stokes-comparison,4,6,4.52\%,4.51793653251564,True
tab:reynolds-stokes-comparison,4,7,$-1.781$,-1.781375,True
tab:reynolds-stokes-comparison,4,8,$-1.969$,-1.968875,True
tab:pressure-end-refinement,1,2,8192,8192.0,True
tab:pressure-end-refinement,1,3,\(3/32\),0.09375,True
tab:pressure-end-refinement,1,4,\(-1.7814\),-1.781375,True
tab:pressure-end-refinement,1,5,\(-1.9689\),-1.968875,True
tab:pressure-end-refinement,1,6,2.128880,2.1288799493627,True
tab:pressure-end-refinement,2,2,24576,24576.0,True
tab:pressure-end-refinement,2,3,\(3/64\),0.046875,True
tab:pressure-end-refinement,2,4,\(-1.8283\),-1.82825,True
tab:pressure-end-refinement,2,5,\(-1.9689\),-1.968875,True
tab:pressure-end-refinement,2,6,2.125899,2.12589877260512,True
tab:pressure-end-refinement,3,2,81920,81920.0,True
tab:pressure-end-refinement,3,3,\(3/128\),0.0234375,True
tab:pressure-end-refinement,3,4,\(-1.8050\),-1.805,True
tab:pressure-end-refinement,3,5,\(-1.9689\),-1.968875,True
tab:pressure-end-refinement,3,6,2.125309,2.12530907104634,True
tab:pressure-end-refinement,4,2,131072,131072.0,True
tab:pressure-end-refinement,4,3,\(3/128\),0.0234375,True
tab:pressure-end-refinement,4,4,\(-1.8050\),-1.805,True
tab:pressure-end-refinement,4,5,\(-1.9689\),-1.968875,True
tab:pressure-end-refinement,4,6,2.125334,2.12533414001531,True
tab:pressure-end-refinement,5,2,82048,82048.0,True
tab:pressure-end-refinement,5,3,\(3/128\),0.0234375,True
tab:pressure-end-refinement,5,4,\(-1.8166\),-1.816625,True
tab:pressure-end-refinement,5,5,\(-1.9573\),-1.95725,True
tab:pressure-end-refinement,5,6,2.125267,2.12526651799285,True
tab:domain-length-sensitivity,1,1,0,0.0,True
tab:domain-length-sensitivity,1,2,24,24.0,True
tab:domain-length-sensitivity,1,3,2.2158,2.21576761185835,True
tab:domain-length-sensitivity,1,4,$-1.781$,-1.781375,True
tab:domain-length-sensitivity,1,5,2.1473,2.14730040729985,True
tab:domain-length-sensitivity,1,6,0.843,0.843,True
tab:domain-length-sensitivity,1,7,2.1289,2.1288799493627,True
tab:domain-length-sensitivity,1,8,$-1.969$,-1.968875,True
tab:domain-length-sensitivity,2,1,$-12$,-12.0,True
tab:domain-length-sensitivity,2,2,24,24.0,True
tab:domain-length-sensitivity,2,3,2.2158,2.21576761185835,True
tab:domain-length-sensitivity,2,4,$-1.781$,-1.781375,True
tab:domain-length-sensitivity,2,5,2.1472,2.14714760459147,False
tab:domain-length-sensitivity,2,6,1.218,1.218,True
tab:domain-length-sensitivity,2,7,2.1289,2.12887994936272,True
tab:domain-length-sensitivity,2,8,$-1.969$,-1.968875,True
tab:domain-length-sensitivity,3,1,0,0.0,True
tab:domain-length-sensitivity,3,2,36,36.0,True
tab:domain-length-sensitivity,3,3,2.4018,2.40180570337221,True
tab:domain-length-sensitivity,3,4,$-1.969$,-1.968875,True
tab:domain-length-sensitivity,3,5,2.3488,2.34883590568235,True
tab:domain-length-sensitivity,3,6,0.000,0.0,True
tab:domain-length-sensitivity,3,7,2.3353,2.33525638372648,True
tab:domain-length-sensitivity,3,8,$-2.438$,-2.437625,True
tab:domain-length-sensitivity,4,1,$-12$,-12.0,True
tab:domain-length-sensitivity,4,2,36,36.0,True
tab:domain-length-sensitivity,4,3,2.4018,2.40180570337221,True
tab:domain-length-sensitivity,4,4,$-1.969$,-1.968875,True
tab:domain-length-sensitivity,4,5,2.3474,2.34742599068504,True
tab:domain-length-sensitivity,4,6,0.000,0.0,True
tab:domain-length-sensitivity,4,7,2.3353,2.33525638372643,True
tab:domain-length-sensitivity,4,8,$-2.438$,-2.437625,True
tab:domain-length-sensitivity,5,1,$-36$,-36.0,True
tab:domain-length-sensitivity,5,2,60,60.0,True
tab:domain-length-sensitivity,5,3,2.5115,2.51147885995306,True
tab:domain-length-sensitivity,5,4,$-2.156$,-2.156375,True
tab:domain-length-sensitivity,5,5,2.4659,2.4658813018449,True
tab:domain-length-sensitivity,5,6,0.000,0.0,True
tab:domain-length-sensitivity,5,7,2.4561,2.45605322796172,True
tab:domain-length-sensitivity,5,8,---,nan,True
tab:smoothed-newton-performance,1,1,2048,2048.0,True
tab:smoothed-newton-performance,1,2,8,8.0,True
tab:smoothed-newton-performance,1,3,1.98695,1.98695237809712,True
tab:smoothed-newton-performance,1,4,5.937,5.937,True
tab:smoothed-newton-performance,1,5,11,11.0,True
tab:smoothed-newton-performance,1,6,1.98695,1.98695243439938,True
tab:smoothed-newton-performance,1,7,2.439,2.439,True
tab:smoothed-newton-performance,2,1,8192,8192.0,True
tab:smoothed-newton-performance,2,2,9,9.0,True
tab:smoothed-newton-performance,2,3,2.09338,2.09338475688002,True
tab:smoothed-newton-performance,2,4,5.937,5.937,True
tab:smoothed-newton-performance,2,5,12,12.0,True
tab:smoothed-newton-performance,2,6,2.09338,2.09338486431435,True
tab:smoothed-newton-performance,2,7,2.346,2.346,True
tab:smoothed-newton-performance,3,1,32768,32768.0,True
tab:smoothed-newton-performance,3,2,9,9.0,True
tab:smoothed-newton-performance,3,3,2.12389,2.12388641081308,True
tab:smoothed-newton-performance,3,4,5.889,5.889,True
tab:smoothed-newton-performance,3,5,12,12.0,True
tab:smoothed-newton-performance,3,6,2.12389,2.12388647383117,True
tab:smoothed-newton-performance,3,7,2.343,2.343,True
tab:smoothing-qp-reference,1,1,\(10^{-8}\),1e-08,True
tab:smoothing-qp-reference,1,2,14,14.0,True
tab:smoothing-qp-reference,1,3,2.346,2.346,True
tab:smoothing-qp-reference,1,4,60.49,60.4850934815563,True
tab:smoothing-qp-reference,1,5,\(4.37\cdot10^{-5}\),4.37176335217362e-05,True
tab:smoothing-qp-reference,2,1,\(10^{-10}\),1e-10,True
tab:smoothing-qp-reference,2,2,13,13.0,True
tab:smoothing-qp-reference,2,3,3.189,3.189,True
tab:smoothing-qp-reference,2,4,46.29,46.2860030318343,True
tab:smoothing-qp-reference,2,5,\(3.75\cdot10^{-6}\),3.74953649754772e-06,True
tab:smoothing-qp-reference,3,1,\(10^{-12}\),1e-12,True
tab:smoothing-qp-reference,3,2,13,13.0,True
tab:smoothing-qp-reference,3,3,3.939,3.939,True
tab:smoothing-qp-reference,3,4,33.65,33.6533602829712,True
tab:smoothing-qp-reference,3,5,\(3.16\cdot10^{-7}\),3.16016542252235e-07,True
tab:smoothing-qp-reference,4,1,\(10^{-14}\),1e-14,True
tab:smoothing-qp-reference,4,2,13,13.0,True
tab:smoothing-qp-reference,4,3,4.689,4.689,True
tab:smoothing-qp-reference,4,4,21.02,21.020717534108098,True
tab:smoothing-qp-reference,4,5,\(2.61\cdot10^{-8}\),2.60637394955573e-08,True
tab:smoothing-qp-reference,5,1,\(10^{-16}\),1e-16,True
tab:smoothing-qp-reference,5,2,12,12.0,True
tab:smoothing-qp-reference,5,3,5.439,5.439,True
tab:smoothing-qp-reference,5,4,8.39,8.38807478524508,True
tab:smoothing-qp-reference,5,5,\(2.09\cdot10^{-9}\),2.09105336202698e-09,True
tab:smoothing-qp-reference,6,1,\(10^{-18}\),1e-18,True
tab:smoothing-qp-reference,6,2,10,10.0,True
tab:smoothing-qp-reference,6,3,5.937,5.937,True
tab:smoothing-qp-reference,6,4,0.00,0.0,True
tab:smoothing-qp-reference,6,5,\(1.62\cdot10^{-10}\),1.61750563778329e-10,True
tab:smoothing-qp-reference,7,1,\(10^{-20}\),1e-20,True
tab:smoothing-qp-reference,7,2,9,9.0,True
tab:smoothing-qp-reference,7,3,5.937,5.937,True
tab:smoothing-qp-reference,7,4,0.00,0.0,True
tab:smoothing-qp-reference,7,5,\(1.19\cdot10^{-11}\),1.19302116158073e-11,True
